title,sale_price,original_price,store_name,affiliate_link,deal_badge,coupon_code,expiration_date,category,image_url,excerpt
Over 21 Only,$369.95,$519.99,Bear Creek Arsenal,https://www.bearcreekarsenal.com/300-blackout-7-5-parkerized-heavy-barrel-1-8-twist-pistol-7-mlok-pistol.html,Price Drop,,,ammo,https://www.bearcreekarsenal.com/media/catalog/product/c/p/cpf-1003-r_1_3.jpg?optimize=medium&bg-color=255,"Shop the best .300 Blackout Pistol featuring a 7.5"" Parkerized Heavy Barrel from Bear Creek Arsenal to experience a compact, reliable, and precise shooting."
27% Off!BCGIncluded,$278.95,$379.99,Bear Creek Arsenal,https://www.bearcreekarsenal.com/bc-15-338-arc-flat-dark-earth-cerakote-bolt-action-style-upper-16-parkerized-heavy-barrel-0-750-1-8-twist-hammer-forged-bufferless-carbine-length-gas-system-mlok-split-rail.html,Price Drop,,,ammo,https://www.bearcreekarsenal.com/media/catalog/product/3/0/300-blackout-16-parkerized-heavy-barrel-fde-bolt-action-style-upper-uabac-6205-r_1.jpg?optimize=medium&bg-color=255,"This .338 ARC FDE Bufferless Bolt Action Upper with 16"" Barrel delivers strength and smooth operation, designed by BCA for long-lasting reliability."
29% Off!BCGIncluded,$263.95,$369.99,Bear Creek Arsenal,https://www.bearcreekarsenal.com/556-20-nitride-hb-barrel-1-7-twist-rifle-gas-rc-15-mlok-upper.html,Price Drop,,,ammo,https://www.bearcreekarsenal.com/media/catalog/product/3/0/300-blackout-20-parkerized-heavy-barrel-8783n-r_1.jpg?optimize=medium&bg-color=255,"Elevate your shooting experience with the 5.56 NATO upper featuring a 20"" black nitride heavy barrel, designed for superior reliability and precision in every shot."
23% Off!BCGIncluded,$264.95,$344.99,Bear Creek Arsenal,https://www.bearcreekarsenal.com/bc-15-5-56-nato-side-charging-complete-upper-assembly-16-black-nitride-contour-0-750-1-8-twist-4150-mid-length-length-gas-system-mlok-15-split-rail.html,Price Drop,,,ammo,https://www.bearcreekarsenal.com/media/catalog/product/5/_/5.56-nato-16-parkerized-m4-barrel-talon-split-rail-right-side-upper-uasc-2004-r_7_6.jpg?optimize=medium&bg-color=255,"Shop 5.56 NATO side charging upper with 16"" black nitride M4 barrel. Built for durability and smooth function. Upgrade your rifle setup today."
37% Off!,$329.95,$519.99,Bear Creek Arsenal,https://www.bearcreekarsenal.com/bc-15-5-56-nato-pistol-7-5-parkerized-contour-1-7-twist-pistol-legth-gas-system-mlok-split-rail.html,Price Drop,,,ammo,https://www.bearcreekarsenal.com/media/catalog/product/5/_/5.56-nato-7.5-parkerized-barrel-with-mircro-flash-hider-pistol-cpf-1132-r.jpg?optimize=medium&bg-color=255,"Order the 5.56 NATO Pistol from Bear Creek Arsenal featuring a 7.5"" Parkerized Barrel for short-barrel control, durability, and versatile shooting setups."
46% Off!,$59.95,$111.99,Bear Creek Arsenal,https://www.bearcreekarsenal.com/bca-glock-26-9mm-replacement-barrel-premium-rose-gold-finish-unthreaded-unbranded.html,Price Drop,,,ammo,https://www.bearcreekarsenal.com/media/catalog/product/1/9/1988-b01.jpg?optimize=medium&bg-color=255,"This unbranded Glock 26 9mm replacement barrel is made from 4150 premium rose gold and is designed to be a direct fit for your factory Glock, manufactured by BCA"
29% Off!BCGIncluded,$263.95,$369.99,Bear Creek Arsenal,https://www.bearcreekarsenal.com/556-20-black-nitride-heavy-barrel-1-7-twist-rifle-gassystem-15-handguard-sch-nrail.html,Price Drop,,,ammo,https://www.bearcreekarsenal.com/media/catalog/product/4/5/450-bushmaster-20-parkerized-heavy-barrel-side-charge-upper-8779-r_4.jpg?optimize=medium&bg-color=255,"Grab a high-quality 20"" AR-15 Nitride Side Charging 5.56 NATO Complete Upper Assembly featuring the new handguard from Bear Creek Arsenal! Made in America with a lifetime warranty!"
29% Off!BCGIncluded,$224.95,$314.99,Bear Creek Arsenal,https://www.bearcreekarsenal.com/bc-15-223-wylde-right-side-charging-upper-16-parkerized-m4-barrel-1-7-twist-carbine-length-gas-system-talon-15-mlok-split-rail-with-bcg-charging-handle.html,Price Drop,,,ammo,https://www.bearcreekarsenal.com/media/catalog/product/5/_/5.56-nato-16-parkerized-m4-barrel-talon-split-rail-right-side-upper-uasc-2004-r_5.jpg?optimize=medium&bg-color=255,"Find a .223 Wylde Right Side Charging Upper enhanced with a 16"" Parkerized M4 Barrel from BCA, ideal for plinking, self-defense, and varmint hunting."
29% Off!BCGIncluded,$306.95,$429.99,Bear Creek Arsenal,https://www.bearcreekarsenal.com/6-5-creedmoor-22-parkerized-straight-fluted-hb-1-8-twist-rifle-15-mlok-split-sporter-upper.html,Price Drop,,,ammo,https://www.bearcreekarsenal.com/media/catalog/product/6/_/6.5-creedmoor-sporter-slick-side-upper-22-parkerized-straight-fluted-heavy-barrel-right-facing-9802n.jpg?optimize=medium&bg-color=255,Save today on a 6.5 Creedmoor Sporter Slick Side Upper 22” Parkerized Straight Fluted Heavy Barrel from Bear Creek Arsenal! Shop and Save today on BCA's low prices!
28% Off!BCGIncluded,$189.95,$264.99,Bear Creek Arsenal,https://www.bearcreekarsenal.com/762x39-7-5-parkerized-hb-1-10-twist-pistol-7-handguard-scg2-nrail-upper.html,Price Drop,,,ammo,https://www.bearcreekarsenal.com/media/catalog/product/3/0/300-blackout-7.5-parkerized-heavy-barrel-5-mlok-rail-right-side-upper-uasc-2003-r_3.jpg?optimize=medium&bg-color=255,"Discover the 7.62x39 Right Side Charging Upper featuring a 7.5"" Parkerized Heavy Barrel, designed for enhanced accuracy, reliability, and durability!"
28% Off!BCGIncluded,$290.95,$404.99,Bear Creek Arsenal,https://www.bearcreekarsenal.com/308-20-ss-bn-mid-weight-barrel-1-10-twist-rifle-15-mlok-forged-upper.html,Price Drop,,,ammo,https://www.bearcreekarsenal.com/media/catalog/product/3/0/308-20-ss-bn-mid-weight-barrel-r-9194n.jpg?optimize=medium&bg-color=255,
28% Off!,$439.95,$614.99,Bear Creek Arsenal,https://www.bearcreekarsenal.com/22-magnum-16-parkerized-heavy-barrel-1-16-twist-length-gas-system-15-mlok-sch-forged-rifle.html,Price Drop,,,ammo,https://www.bearcreekarsenal.com/media/catalog/product/2/2/22-magnum-16-parkerized-heavy-barrel-right-side-charging-rifle-crsc-2027-r.jpg?optimize=medium&bg-color=255,
Global Ordnance 5.56/.223 AR-15 30rd Steel Magazine - Black,$ 7.95,$ 10.99,Dirty Bird USA,https://dirtybirdusa.com/products/global-ordnance-5-56-223-ar-15-30rd-steel-magazine-black/,Price Drop,,,,https://dirtybirdusa.com/wp-content/uploads/2024/08/200201.jpg.webp,"These are heavy duty steel body magazines with a gray anti-tilt follower, rust resistant finish and rugged dent resistant construction."
NBS Mil-Spec AR-15 Carbine Buffer Spring,$ 0.99,,Dirty Bird USA,https://dirtybirdusa.com/products/nbs-mil-spec-ar-15-carbine-buffer-spring__trashed/,,,,,https://dirtybirdusa.com/wp-content/uploads/2022/03/ar-15-mil-spec-carbine-buffer-spring-lower-part-ar15discounts_900_eec7ced5-fe79-4714-8dab-a83da4b18f9d.jpg.webp,Mil-Spec AR-15 Carbine Buffer Spring.
BioAmmo 12 Gauge - 2-3/4 1oz. #3 Shot - BioAmmo Steel Shotgun Ammo - 25 Rounds,$0.56,$ 13.99,Dirty Bird USA,https://dirtybirdusa.com/products/bioammo-12-gauge-2-3-4-1oz-3-shot-bioammo-steel-shotgun-ammo-25-rounds/,Price Drop,,,,https://dirtybirdusa.com/wp-content/uploads/2022/03/bioammo-3-shot-ammo.jpg.webp,BioAmmo is a bio polymer-based shotgun ammunition manufactured by BioAmmo in Segovia Spain. This revolutionary product uses a sugarcane-based polymer to
Winchester USA .223 Ammo 55 Grain FMJ USA White Box Rifle Ammo - 20 Rounds,$0.70,$ 16.99,Dirty Bird USA,https://dirtybirdusa.com/products/winchester-usa-223-ammo-55-grain-fmj-usa-white-box-rifle-ammo-20-rounds/,Price Drop,,,,https://dirtybirdusa.com/wp-content/uploads/2022/03/winchester-ammunition-usa-target-223-remington-55-grain-fmj-20-rd-box.jpg.webp,"Backed by generations of legendary excellence, Winchester USA White Box stands for consistent performance and outstanding value, offering high-quality"
Dirty Bird NOLO AR-15 Stripped Forged Lower Receiver,$ 69.99,$ 99.99,Dirty Bird USA,https://dirtybirdusa.com/products/dirty-bird-nolo-ar-15-stripped-forged-lower-receiver/,Price Drop,,,,https://dirtybirdusa.com/wp-content/uploads/2025/11/D250.png.webp,No Logo. No Nonsense. All Quality.
VISM Upper Receiver Block,$ 29.95,,Dirty Bird USA,https://dirtybirdusa.com/products/vism-upper-receiver-block/,,,,,https://dirtybirdusa.com/wp-content/uploads/2021/05/1475346d-3a22-4294-80fb-2ba4aabfe27c.jpg.webp,Upper receiver block is designed to fits AR15/M4 receivers to help with assembly and general maintenance of AR receivers.
Rise Armament RAVE 140 Drop-in Trigger Flat / Curved,$ 99.95,,Dirty Bird USA,https://dirtybirdusa.com/products/rise-armament-rave-140-drop-in-trigger-flat-curved/,,,,,https://dirtybirdusa.com/wp-content/uploads/2021/05/RAVECOMPOSITIONUPDATED.jpg.webp,"The RAVE 140 Super Sporting Trigger, sometimes referred to as the ""Black Fallout,"" is one of the most popular drop-in triggers on the market. When"
Winchester Ammunition Varmint HV 17WSM 20 Grain Polymer Tip Rimfire Ammo - 50 Rounds,$0.44,$ 25.95,Dirty Bird USA,https://dirtybirdusa.com/products/winchester-ammunition-varmint-hv-17wsm-20-grain-polymer-tip-rimfire-ammo-50-rounds/,Price Drop,,,,https://dirtybirdusa.com/wp-content/uploads/2022/03/8304400e-2f1f-40fd-b811-8b37671e3832.jpg.webp,"The new 17 Win Super Mag caliber ballistically exceeds the velocity, energy, trajectory and wind drift characteristics of all rimfire products currently"
Fiocchi 9AP 9mm Luger 115gr Full Metal Jacket Ammo Handgun Ammo - 50 Rounds,$0.34,$ 19.99,Dirty Bird USA,https://dirtybirdusa.com/products/fiocchi-9ap-9mm-luger-115gr-full-metal-jacket-ammo-handgun-ammo-50-rounds/,Price Drop,,,,https://dirtybirdusa.com/wp-content/uploads/2022/03/9910a924-ba5e-4bfc-afe8-fb87dd5dacfd.jpg.webp,"Fiocchi of America is widely recognized as a manufacturer of top quality, reliable, and consistent handgun ammunition around the globe. When you choose"
CCI 0047 Velocitor 22 LR 40 gr 1435 fps Copper Plated Hollow Point (CPHP) Rimfire Ammo - 50 Rounds,$0.18,$ 10.99,Dirty Bird USA,https://dirtybirdusa.com/products/cci-0047-velocitor-22-lr-40-gr-1435-fps-copper-plated-hollow-point-cphp-rimfire-ammo-50-rounds/,Price Drop,,,,https://dirtybirdusa.com/wp-content/uploads/2023/05/cci-0047-velocitor-22-lr-40-gr-1435-fps-copper-plated-hollow-point-cphp-50-bx.jpg.webp,CCI understands the needs of hunters and has designed ammunition with the small game hunter in mind. Each bullet keeps meat spoilage or hide damage to a
PMC Bronze 223REM 55 Grain Full Metal Jacket Rifle Ammo - 20 Rounds,$0.55,$ 14.95,Dirty Bird USA,https://dirtybirdusa.com/products/pmc-bronze-223rem-55-grain-full-metal-jacket-rifle-ammo-20-rounds/,Price Drop,,,,https://dirtybirdusa.com/wp-content/uploads/2022/05/077bb51f-d08c-43e3-9c59-ce1676428946.png.webp,
NBS Enhanced AR-15 Mil-Spec Charging Handle,$ 12.95,$ 19.95,Dirty Bird USA,https://dirtybirdusa.com/products/nbs-enhanced-ar-15-mil-spec-charging-handle__trashed/,Price Drop,,,,https://dirtybirdusa.com/wp-content/uploads/2022/03/05d30c5c-f3ff-455d-9328-adbc5307fc0b.jpg.webp,
Global Ordnance 7.62x39 AK-47 30rd Steel Magazine - Black,$ 9.95,$ 11.99,Dirty Bird USA,https://dirtybirdusa.com/products/global-ordnance-7-62x39-ak-47-30rd-steel-magazine-black/,Price Drop,,,,https://dirtybirdusa.com/wp-content/uploads/2025/04/200211.jpg.webp,
Amend2 AR-15/M4/M16 5.56x45mm NATO/.223 Remington Mod-2 Black 10-Round Magazine,$ 8.99,$ 14.99,Dirty Bird USA,https://dirtybirdusa.com/products/amend2-ar-15-m4-m16-5-56x45mm-nato-223-remington-mod-2-black-10-round-magazine/,Price Drop,,,,https://dirtybirdusa.com/wp-content/uploads/2025/05/amend2-ar-15-m4-m16-5-56-45mm-nato-223-remington-mod-2-black-10-round-magazine.jpg.webp,
NBS AR-15 Armorer's Wrench,$ 15.95,,Dirty Bird USA,https://dirtybirdusa.com/products/nbs-ar-15-armorers-wrench__trashed/,,,,,https://dirtybirdusa.com/wp-content/uploads/2022/03/ar-15-armorers-wrench-tool-ar15discounts_676-1.jpg.webp,
NBS AR-15 Assembled Upper Receiver,$ 69.95,$ 99.95,Dirty Bird USA,https://dirtybirdusa.com/products/nbs-ar-15-assembled-upper-receiver__trashed/,Price Drop,,,,https://dirtybirdusa.com/wp-content/uploads/2022/03/02103ff5-9d65-4ef1-84b1-1bf5599783ef.jpg.webp,
"Dirty Bird 420A 2-1/2"" Nylon Handle Folding Blade Pocket Knife",$ 4.99,$ 9.99,Dirty Bird USA,https://dirtybirdusa.com/products/dirty-bird-420a-2-1-2-nylon-handle-folding-blade-pocket-knife/,Price Drop,,,,https://dirtybirdusa.com/wp-content/uploads/2024/03/dirtybirdfoldingknife1.png.webp,
Global Ordnance AK-47 30rd Steel 7.62x39 Magazine - FDE,$ 9.95,$ 13.99,Dirty Bird USA,https://dirtybirdusa.com/products/global-ordnance-ak-47-30rd-steel-7-62x39-magazine-fde/,Price Drop,,,,https://dirtybirdusa.com/wp-content/uploads/2024/10/244901.jpg.webp,
Partisan Triggers Disruptor AR-15 3 Position Drop In Forced Reset Trigger + Vortex Triumph 2 MOA Red Dot Sight,$ 299.95,,Dirty Bird USA,https://dirtybirdusa.com/products/partisan-triggers-disruptor-ar-15-3-position-drop-in-forced-reset-trigger-vortex-triumph-2-moa-red-dot-sight/,,,,,https://dirtybirdusa.com/wp-content/uploads/2026/03/partisan-triumph-bundle.png.webp,
Breakthrough Clean Pro - Heavy Carbon Remover With Bore Cleaner Pump Spray Bottle,$ 7.95,,Dirty Bird USA,https://dirtybirdusa.com/products/allen-bct-carbon-pro-heavy-carbon-remover-with-bore-cleaner-pump-spray-bottle/,,,,,https://dirtybirdusa.com/wp-content/uploads/2024/05/allen-bct-crb-hvy-crb-rmv-pump-spray-bottle-composition-image.jpg.webp,
EOTech XPS2 Holographic Weapon Sight,$195.00,$809.99,Gun Mag Warehouse,https://gunmagwarehouse.com/eotech-xps2-holographic-sight.html,Price Drop,,,,https://gunmagwarehouse.com/media/catalog/product/cache/3311f03947cd982ac88594fa10f6d9d0/e/o/eotech-xps2-holographic-sight-front-right_1.jpg,Drop targets in confidence with the EOTech® XPS2™ Holographic Weapon Sight. Featuring an aircraft-aluminum housing with a
Magpul PMAG GEN M2 MOE AR-15 .223 / 5.56 30-Round Magazine,$3.50,$12.99,Gun Mag Warehouse,https://gunmagwarehouse.com/magpul-pmag-gen-m2-moe-ar-15-223-5-56-30-round-magazine.html,Price Drop,,,,https://gunmagwarehouse.com/media/catalog/product/cache/3311f03947cd982ac88594fa10f6d9d0/p/m/pmag-30-ar-m4-gen-m2-moe-5-56x45-magazine-right_1.png,"This is a Magpul Gen M2 MOE 30-round magazine for AR-15 rifles Crafted from lightweight, impact-resistant polymer with stainless"
"Duramag Speed AR-15 .223, 5.56mm, .300 Blackout 30-Round Aluminum Magazine",$9.50,$19.99,Gun Mag Warehouse,https://gunmagwarehouse.com/duramag-ar-15-223-5-56mm-300blk-30-round-aluminum-magazine.html,Price Drop,,,,https://gunmagwarehouse.com/media/catalog/product/cache/3311f03947cd982ac88594fa10f6d9d0/d/u/duramag-ar-15-223-5-56mm-300blk-30-round-aluminum-magazine-config.png,"Load up for your next range day with the Duramag® AR-15 .223, 5.56mm, .300BLK 30-Round Aluminum Magazine. Featuring durable"
Magpul PMAG GL9 9mm 17-Round Magazine for Glock 17 Pistols,$2.00,$14.99,Gun Mag Warehouse,https://gunmagwarehouse.com/magpul-pmag-gl9-9mm-17-round-magazine-for-glock-17-pistols.html,Price Drop,,,,https://gunmagwarehouse.com/media/catalog/product/cache/3311f03947cd982ac88594fa10f6d9d0/m/a/magpul-pmag-gl9-9mm-17-round-magazine-for-glock-17-pistols-4.jpg,"This is a Magpul® PMAG GL9 17-round magazine for Glock® 17 pistols The ultimate in lightweight, combat-ready gun magazines"
Magpul PMAG GEN M3 Window AR-15 .223 / 5.56 30-Round Magazine,$3.50,$17.99,Gun Mag Warehouse,https://gunmagwarehouse.com/magpul-pmag-gen-m3-window-ar-15-223-5-56-30-round-magazine.html,Price Drop,,,,https://gunmagwarehouse.com/media/catalog/product/cache/3311f03947cd982ac88594fa10f6d9d0/m/a/magpul-pmag-gen-m3-window-ar-15-223-5-56-30-round-magazine-config.png,"This is a Gen M3 Magpul windowed PMAG 30-round magazine for AR-15 rifles Combining rugged, impact-resistant polymer construction"
Magpul PMAG GEN M3 AR-15 .223 / 5.56 30-Round Magazine,$2.00,$14.99,Gun Mag Warehouse,https://gunmagwarehouse.com/magpul-pmag-gen-m3-ar-15-223-5-56-30-round-magazine.html,Price Drop,,,,https://gunmagwarehouse.com/media/catalog/product/cache/3311f03947cd982ac88594fa10f6d9d0/m/a/magpul-pmag-gen-m3-ar-15-223-5-56-30-round-magazine-config.png,This is a Gen M3 Magpul PMAG 30-round magazine for AR-15 rifles Improving on excellence and considered the gold standard
Magpul PMAG GEN M3 AR-15 .300 AAC Blackout 30-Round Magazine,$2.00,$15.99,Gun Mag Warehouse,https://gunmagwarehouse.com/magpul-pmag-gen-m3-ar-15-300-aac-blackout-30-round-magazine.html,Price Drop,,,,https://gunmagwarehouse.com/media/catalog/product/cache/3311f03947cd982ac88594fa10f6d9d0/m/a/magpul-pmag-gen-m3-ar-15-300-aac-blackout-30-round-magazine-right.png,This replacement magazine is a factory original from Magpul Industries. Designed to fit the AR-15 rifle. Built to hold (30)
KCI AK-47 7.62x39 30-Round Steel Magazine Right View,$5.50,$16.99,Gun Mag Warehouse,https://gunmagwarehouse.com/kci-ak-47-7-62x39mm-30-round-steel-magazine.html,Price Drop,,,,https://gunmagwarehouse.com/media/catalog/product/cache/3311f03947cd982ac88594fa10f6d9d0/k/c/kci-ak-47-762x39-30rd-magazine-ak4730rm_right.jpg,"An affordable alternative to high-priced AK magazines, the KCI® AK-47 7.62x39mm 30-Round Steel Magazine is a durable aftermarket"
ATI Schmeisser AR-15 5.56 / .223 60-Round Windowed Magazine,$23.99,$84.95,Gun Mag Warehouse,https://gunmagwarehouse.com/ati-schmeisser-5-56-223-ar-15-60-round-windowed-magazine.html,Price Drop,,,,https://gunmagwarehouse.com/media/catalog/product/cache/3311f03947cd982ac88594fa10f6d9d0/a/t/ati-schmeisser-5-56-223-ar-15-60-round-windowed-magazine-right.png,American Tactical Imports (ATI®) has partnered with German arms manufacturer Schmeisser GmbH to exclusively import and distribute
Magpul PMAG GEN M3 LR/SR-25 .308 / 7.62x51 AR-10 20-Round Magazine,$4.50,$22.99,Gun Mag Warehouse,https://gunmagwarehouse.com/magpul-pmag-gen-m3-lr-sr-25-308-7-62x51-ar-10-20-round-magazine.html,Price Drop,,,,https://gunmagwarehouse.com/media/catalog/product/cache/3311f03947cd982ac88594fa10f6d9d0/m/a/magpul-pmag-gen-m3-lr-sr-25-308-7-62x51-ar-10-20-round-magazine-config.png,This is a Magpul PMAG Gen M3 20-round magazine for AR-10 rifles chambered in 7.62x51mm / .308 Win Magpul's next-generation
Lancer L5 AR-15 .300 Blackout 30-Round Advanced Warfighter Magazine,$9.00,$23.99,Gun Mag Warehouse,https://gunmagwarehouse.com/lancer-l5-ar-15-300-blackout-30-round-advanced-warfighter-magazine.html,Price Drop,,,,https://gunmagwarehouse.com/media/catalog/product/cache/3311f03947cd982ac88594fa10f6d9d0/l/a/lancer-l5awm-m30-smoke-30rd-magazine-999-000-4280-01_2_1.jpg,
Glock Gen 5 Glock 17 9mm 17-Round Factory Magazine,$31.99,,Gun Mag Warehouse,https://gunmagwarehouse.com/glock-gen-5-glock-17-9mm-17-round-factory-magazine.html,,,,,https://gunmagwarehouse.com/media/catalog/product/cache/3311f03947cd982ac88594fa10f6d9d0/g/l/glock-gen-5-glock-17-9mm-17-round-factory-magazine-od.png,
Glock Gen 5 Glock 19 9mm 15-Round Factory Magazine,$5.00,$29.99,Gun Mag Warehouse,https://gunmagwarehouse.com/glock-gen-5-glock-19-9mm-15-round-factory-magazine.html,Price Drop,,,,https://gunmagwarehouse.com/media/catalog/product/cache/3311f03947cd982ac88594fa10f6d9d0/g/l/glock-gen-5-glock-19-9mm-15-round-factory-magazine-config.png,
Sellier & Bellot 9mm Luger Ammo 124gr FMJ 50 Rounds,$0.26,$24.99,Gun Mag Warehouse,https://gunmagwarehouse.com/sellier-bellot-9mm-ammo-124gr-fmj-50-rounds.html,Price Drop,,,,https://gunmagwarehouse.com/media/catalog/product/cache/3311f03947cd982ac88594fa10f6d9d0/s/e/sellier-bellot-9mm-ammo-124gr-fmj-50-rounds.png,
Magpul PMAG GEN M3 AR-15 .223 / 5.56 20-Round Magazine,$2.20,$14.99,Gun Mag Warehouse,https://gunmagwarehouse.com/magpul-pmag-gen-m3-ar-15-223-5-56-20-round-magazine.html,Price Drop,,,,https://gunmagwarehouse.com/media/catalog/product/cache/3311f03947cd982ac88594fa10f6d9d0/m/a/magpul-pmag-gen-m3-ar-15-223-5-56-20-round-magazine-right_1.png,
Magpul PMAG GL9 9mm 15-Round Magazine for Glock 19 Pistols,$2.00,$14.99,Gun Mag Warehouse,https://gunmagwarehouse.com/magpul-pmag-gl9-9mm-15-round-magazine-for-glock-19-pistols.html,Price Drop,,,,https://gunmagwarehouse.com/media/catalog/product/cache/3311f03947cd982ac88594fa10f6d9d0/m/a/magpul-pmag-gl9-9mm-15-round-magazine-for-glock-19-pistols-4.jpg,
SGM Tactical 10mm 30-Round Extended Magazine for Glock 20 Pistols,$10.00,$29.99,Gun Mag Warehouse,https://gunmagwarehouse.com/sgm-tactical-10mm-30-round-extended-magazine-for-glock-20-pistols.html,Price Drop,,,,https://gunmagwarehouse.com/media/catalog/product/cache/3311f03947cd982ac88594fa10f6d9d0/s/g/sgm-tactical-glock-20-10mm-30-round-extended-magazine-4.jpg,
"Smith & Wesson M&P, M&P9 2.0 9mm 17-Round Factory Magazine",$9.00,$48.99,Gun Mag Warehouse,https://gunmagwarehouse.com/smith-wesson-m-p-m-p9-2-0-9mm-17-round-factory-magazine.html,Price Drop,,,,https://gunmagwarehouse.com/media/catalog/product/cache/3311f03947cd982ac88594fa10f6d9d0/s/m/smith-wesson-m-p-m-p9-2-0-9mm-17-round-factory-magazine-config.png,
KCI 9mm 17-Round Polymer Magazine for Glock 17 Pistols,$3.00,$16.99,Gun Mag Warehouse,https://gunmagwarehouse.com/kci-9mm-17-round-polymer-magazine-for-glock-17-pistols.html,Price Drop,,,,https://gunmagwarehouse.com/media/catalog/product/cache/3311f03947cd982ac88594fa10f6d9d0/k/c/kci-9mm-17-round-polymer-magazine-for-glock-17-pistols-4.jpg,
"KCI 9mm 33-Round Extended Magazine for Glock 17, 19, 26, 34 Pistols",$9.00,$27.99,Gun Mag Warehouse,https://gunmagwarehouse.com/kci-9mm-33-round-extended-magazine-for-glock-17-19-26-34-pistols.html,Price Drop,,,,https://gunmagwarehouse.com/media/catalog/product/cache/3311f03947cd982ac88594fa10f6d9d0/k/c/kci-9mm-33-round-extended-magazine-for-glock-17-19-26-34-pistols-4.jpg,
Hornady 223 Rem 55 gr FMJ Frontier 20/Box,$0.50,$14.99,Vance Outdoors,https://www.vanceoutdoors.com/products2.cfm/ID/206106/fr100bx/hornady-223-rem-55-gr-fmj-frontier-20box,Price Drop,,,,https://www.sportsmansoutdoorsuperstore.com/prodimages/49583-DEFAULT-m.jpg,Buy Hornady 223 Rem 55 gr FMJ Frontier 20/Box (FR100) now at Vance Outdoors. Wide selection of Hornady 223 Remington ammunition for sale online today.
Vance Outdoors 12-Gauge 2.75 Inch No 7.5 Clay And Wing 25/Box,$8.53,$13.99,Vance Outdoors,https://www.vanceoutdoors.com/products2.cfm/ID/284594/vocta12h75bx/vance-outdoors-12-gauge-2.75-inch-no-7.5-clay-and-wing-25box,Price Drop,,,,https://www.sportsmansoutdoorsuperstore.com/prodimages/114256-DEFAULT-m.jpg,Buy Vance Outdoors 12-Gauge 2.75 Inch No 7.5 Clay And Wing 25/Box (VOCTA12H75) now at Vance Outdoors. Wide selection of Vance Outdoors 12 Gauge ammunition for sale online today.
Vance Outdoors 12 Gauge 2 3/4 in 8 Shot Clay and Wing 25/Box,$8.53,$13.99,Vance Outdoors,https://www.vanceoutdoors.com/products2.cfm/ID/284595/vocta12h8bx/vance-outdoors-12-gauge-2-34-in-8-shot-clay-and-wing-25box,Price Drop,,,,https://www.sportsmansoutdoorsuperstore.com/prodimages/114257-DEFAULT-m.jpg,Buy Vance Outdoors 12 Gauge 2 3/4 in 8 Shot Clay and Wing 25/Box (VOCTA12H8) now at Vance Outdoors. Wide selection of Vance Outdoors 12 Gauge ammunition for sale online today.
Hornady 5.56 NATO 55 gr FMJ (M193) Frontier 20/Box,$0.50,$14.99,Vance Outdoors,https://www.vanceoutdoors.com/products2.cfm/ID/204584/fr200bx/hornady-5.56-nato-55-gr-fmj-(m193)-frontier-20box,Price Drop,,,,https://www.sportsmansoutdoorsuperstore.com/prodimages/146396-DEFAULT-m.jpg,Buy Hornady 5.56 NATO 55 gr FMJ (M193) Frontier 20/Box (FR200) now at Vance Outdoors. Wide selection of Hornady 5.56mm NATO ammunition for sale online today.
Hornady 5.56 NATO 62 gr FMJ Frontier 20/Box,$0.50,$13.99,Vance Outdoors,https://www.vanceoutdoors.com/products2.cfm/ID/206109/fr260bx/hornady-5.56-nato-62-gr-fmj-frontier-20box,Price Drop,,,,https://www.sportsmansoutdoorsuperstore.com/prodimages/47920-DEFAULT-m.jpg,Buy Hornady 5.56 NATO 62 gr FMJ Frontier 20/Box (FR260) now at Vance Outdoors. Wide selection of Hornady 5.56mm NATO ammunition for sale online today.
Federal 12 Gauge 2 3/4 Inch 1 1/8oz 7/5 Top Gun Target 25/Box,$7.97,$13.99,Vance Outdoors,https://www.vanceoutdoors.com/products2.cfm/ID/75323/tgl127.5bx/federal-ammunition-12-gauge-2-34-inch-1-18oz-75-top-gun-target-25box,Price Drop,,,,https://www.sportsmansoutdoorsuperstore.com/prodimages/115088-DEFAULT-m.jpg,Buy Federal 12 Gauge 2 3/4 Inch 1 1/8oz 7/5 Top Gun Target 25/Box (TGL12 7.5) now at Vance Outdoors. Wide selection of Federal 12 Gauge ammunition for sale online today.
Hornady 223 Rem 55 gr Hollow Point Match Frontier 20/Box,$0.55,$14.99,Vance Outdoors,https://www.vanceoutdoors.com/products2.cfm/ID/206421/fr140bx/hornady-223-rem-55-gr-hollow-point-match-frontier-20box,Price Drop,,,,https://www.sportsmansoutdoorsuperstore.com/prodimages/49587-DEFAULT-m.jpg,Buy Hornady 223 Rem 55 gr Hollow Point Match Frontier 20/Box (FR140) now at Vance Outdoors. Wide selection of Hornady 223 Remington ammunition for sale online today.
PMC 9mm Luger 115 gr FMJ Bronze 50/Box,$0.30,$15.99,Vance Outdoors,https://www.vanceoutdoors.com/products2.cfm/ID/39340/9abx/pmc-9mm-luger-115-gr-fmj-bronze-50box,Price Drop,,,,https://www.sportsmansoutdoorsuperstore.com/prodimages/8789-DEFAULT-m.jpg,Buy PMC 9mm Luger 115 gr FMJ Bronze 50/Box (9A) now at Vance Outdoors. Wide selection of PMC 9mm Luger ammunition for sale online today.
Remington 12 Ga 2 3/4 in 1 1/8 oz. 7.5 Shot Shotshell Gun Club Target Loads 25/Box,$7.97,$13.99,Vance Outdoors,https://www.vanceoutdoors.com/products2.cfm/ID/269073/gc12l7bx/remington-12-ga-2-34-in-1-18-oz.-7.5-shot-shotshell-gun-club-target-loads-25box,Price Drop,,,,https://www.sportsmansoutdoorsuperstore.com/prodimages/108785-DEFAULT-m.jpg,Buy Remington 12 Ga 2 3/4 in 1 1/8 oz. 7.5 Shot Shotshell Gun Club Target Loads 25/Box (GC12L7) now at Vance Outdoors. Wide selection of Remington 12 Gauge ammunition for sale online today.
Amend2 AR15/M4 Mod.2 5.56 NATO 30 Round Magazine (Black),$ 6,$9.99,Vance Outdoors,https://www.vanceoutdoors.com/products2.cfm/ID/215222/556mod2blk30/amend2-ar15m4-mod.2-5.56-nato-30-round-magazine-(black),Price Drop,,,,https://www.sportsmansoutdoorsuperstore.com/prodimages/59432-DEFAULT-m.jpg,Buy Amend2 AR15/M4 Mod.2 5.56 NATO 30 Round Magazine (Black) (556MOD2BLK30) now at Vance Outdoors. Wide selection of Amend2 Firearm Accessories for sale online today with low shipping costs.
Magpul PMAG GEN M2 5.56 NATO 30 Round Black Magazine,$ 11,$13.99,Vance Outdoors,https://www.vanceoutdoors.com/products2.cfm/ID/122149/mag571blk/magpul-pmag-gen-m2-5.56-nato-30-round-black-magazine,Price Drop,,,,https://www.sportsmansoutdoorsuperstore.com/prodimages/16516-DEFAULT-m.jpg,
Creme The Same Thing Stick 5in,$ 1,,Vance Outdoors,https://www.vanceoutdoors.com/products2.cfm/ID/358695/stc7/creme-the-same-thing-stick-5in,,,,,https://www.sportsmansoutdoorsuperstore.com/prodimages/170543-DEFAULT-m.jpg,
Federal 9mm 147 gr FMJ Flat Point American Eagle 50/Box,$0.30,$15.99,Vance Outdoors,https://www.vanceoutdoors.com/products2.cfm/ID/89028/ae9fpbx/federal-ammunition-9mm-147-gr-fmj-flat-point-american-eagle-50box,Price Drop,,,,https://www.sportsmansoutdoorsuperstore.com/prodimages/104444-DEFAULT-m.jpg,
Federal 9mm Luger 124 gr FMJ American Eagle 50/Box,$0.30,$15.99,Vance Outdoors,https://www.vanceoutdoors.com/products2.cfm/ID/19180/ae9apbx/federal-ammunition-9mm-luger-124-gr-fmj-american-eagle-50box,Price Drop,,,,https://www.sportsmansoutdoorsuperstore.com/prodimages/146389-DEFAULT-m.jpg,
Vance Outdoors 12 Gauge 2 3/4 in 8 Shot Clay and Wing 25/Box,$8.53,$13.99,Vance Outdoors,https://www.vanceoutdoors.com/products2.cfm/ID/284593/vocta12l8bx/vance-outdoors-12-gauge-2-34-in-8-shot-clay-and-wing-25box,Price Drop,,,,https://www.sportsmansoutdoorsuperstore.com/prodimages/114258-DEFAULT-m.jpg,
Winchester 9mm Luger 115gr Full Metal Jacket USA 50/Box,$0.30,$15.99,Vance Outdoors,https://www.vanceoutdoors.com/products2.cfm/ID/348559/sg9w50bx/winchester-ammo-9mm-luger-115gr-full-metal-jacket-usa-50box,Price Drop,,,,https://www.sportsmansoutdoorsuperstore.com/prodimages/165095-DEFAULT-m.jpg,
CCI 9mm 124 gr FMJ Blazer Brass 50/Box,$0.30,$15.99,Vance Outdoors,https://www.vanceoutdoors.com/products2.cfm/ID/79655/5201bx/cci-ammunition-9mm-124-gr-fmj-blazer-brass-50box,Price Drop,,,,https://www.sportsmansoutdoorsuperstore.com/prodimages/146567-DEFAULT-m.jpg,
Hornady 7.62x39mm 123 gr FMJ Frontier 20/Box,$0.85,$17.99,Vance Outdoors,https://www.vanceoutdoors.com/products2.cfm/ID/358913/fr420bx/hornady-7.62x39mm-123-gr-fmj-frontier-20box,Price Drop,,,,https://www.sportsmansoutdoorsuperstore.com/prodimages/170051-DEFAULT-m.jpg,
1155 Generation 2 Level 4/RF3 Plate,$199.99,$ 259.99,RMA Defense,https://rmadefense.com/store/body-armor/level-iv-body-armor/level-iv-body-armor-plate-model-1155/,Price Drop,,,parts,https://rmadefense.com/wp-content/uploads/2023/08/RMA-1155-Gen-2-Level-4-Ceramic-Plate-Shooters-Cut-Front-324x324.jpg,Get ultimate defense with our NIJ .07 Level 4 Ceramic Plates (Model #1155 Gen 2). Uncompromising protection meets unmatched durability and Made in America!
Lightest Level 4 Plates – Next Generation 1165 Gen 2 Armor,$249.99,$349.99,RMA Defense,https://rmadefense.com/store/body-armor/level-iv-body-armor/lightweight-level-4-plates-model-1165/,Price Drop,,,parts,https://rmadefense.com/wp-content/uploads/2025/08/Lightest-Level-4-Plates-1165-Gen2-Shooters-Cut-Front-324x324.jpg,"At only 5.3 lbs and 0.7"" thin with multi-hit level 4/RF3 protection, there's nothing else like our lightest level 4 plates anywhere close to this price."
Level 4 Body Armor Kit – Free Plate Carrier,$663.96,$ 863.95,RMA Defense,https://rmadefense.com/store/body-armor/level-iv-body-armor/level-4-sierra-body-armor-kit/,Price Drop,,,parts,https://rmadefense.com/wp-content/uploads/2023/03/0331-Tactical-Sierra-Armor-Kit-Multicam-324x324.jpg,"This Level 4 body armor kit with RMA 1165 hard armor features 2 lightweight level 4 plates, a set of trauma pads and a FREE Multicam® Plate Carrier."
Level IV Operator Kit w/ Model #1155 Plates,$ 485.23,$535.23,RMA Defense,https://rmadefense.com/store/body-armor/level-iv-body-armor/operator-system-w-1155/,Price Drop,,,parts,https://rmadefense.com/wp-content/uploads/2017/08/Condor-MOPC-Gen-II-Kit-Scorpion-324x324.jpg,"The RMA Generation 2 Level IV Operator Kit with is a tried and true armor bundle, built for rugged operations at an affordable price."
Crye Precision JPC 1.0 Level IV Body Armor Kit,$ 650.98,,RMA Defense,https://rmadefense.com/store/body-armor/level-iv-body-armor/crye-precision-jpc-1-0-level-iv-body-armor-kit/,,,,parts,https://rmadefense.com/wp-content/uploads/2021/11/Multicurve-JPC-1.0-Kit-324x324.jpg,The Crye JPC 1.0 Level IV Body Armor Kit is the right choice for rugged protection against rifle threats along with fit and function.
Crye Precision JPC 2.0 Level IV Body Armor Kit,$ 788.98,$ 888.98,RMA Defense,https://rmadefense.com/store/body-armor/level-iv-body-armor/crye-precision-jpc-2-0-level-iv-body-armor-kit/,Price Drop,,,parts,https://rmadefense.com/wp-content/uploads/2021/11/Multicurve-JPC-2.0-Kit-RG-324x324.jpg,The Crye Precision Level IV Body Armor Kit is the right choice for rugged protection against rifle threats along with fit and function.
We The People Shirt (250th Anniversary Shirt),$ 24.99,,RMA Defense,https://rmadefense.com/store/apparel/rma-armament-we-the-people-shirt/,,,,parts,https://rmadefense.com/wp-content/uploads/2026/05/RMA-We-the-People-Shirt-Back-324x324.jpg,"Celebrate the United States' 250th anniversary with this limited time ""We the People"" t-shirt from RMA."
